类型,公司/平台名称,网址,地区,说明,联系方式获取方法
B2B平台,Alibaba International,alibaba.com,全球,全球最大B2B平台,平台内直接联系
B2B平台,Global Sources,globalsources.com,亚洲,专业电子产品平台,平台内询盘
B2B平台,EC21,ec21.com,韩国/全球,全球买家聚集,发布产品获取询盘
B2B平台,TradeKey,tradekey.com,中东,中东买家活跃,平台内联系
B2B平台,Made-in-China,made-in-china.com,全球,中国供应商平台,平台内询盘
专业平台,ServerPartDeals,serverpartdeals.com,美国,服务器配件专业,网站联系表单
专业平台,BuySellRam,buysellram.com,美国,内存硬盘交易,网站联系方式
专业平台,TechBuyer,techbuyer.com,英国,翻新IT设备,网站联系表单
专业平台,Big Data Supply,bigdatasupplyinc.com,美国,批量硬盘采购商,网站联系方式
专业平台,NetworkEquipment.net,networkequipment.net,美国,网络存储设备,网站联系表单
专业平台,BrightStar Systems,brightstarsystems.com,美国,数据中心设备,网站联系方式
专业平台,ReluTech,relutech.com,美国,数据中心设备,网站联系表单
HPE分销商,La Sysco,lasysco.us,美国,HPE硬盘批发商,可作为渠道合作
HPE分销商,Global One Technology,globalonetechnology.com,美国,HPE服务器硬盘,可作为渠道合作
HPE分销商,ServersPlus,serversplus.com,英国,HPE分销商,可作为渠道合作
HPE分销商,iStorage Networks,istoragenetworks.com,美国,HP硬盘专业供应商,可作为渠道合作
HPE分销商,ServerParts4Less,serverparts4less.com,美国,HPE授权批发商,可作为渠道合作
黄页,Yellow Pages US,yellowpages.com,美国,美国黄页,搜索IT equipment
黄页,Europages,europages.com,欧洲,欧洲B2B平台260万企业,搜索server equipment
黄页,ThomasNet,thomasnet.com,美国,工业采购平台,搜索computer hardware
黄页,Kompass,kompass.com,全球,全球B2B目录,搜索IT distributor
黄页,BBB,bbb.org,美国,美国商业局,搜索IT wholesaler
黄页,Manta,manta.com,美国,美国企业目录,搜索IT equipment
海关数据,Tendata,tendata.com,全球,228+国家买家数据,付费查询进口商
海关数据,ImportGenius,importgenius.com,美国,美国进口数据,部分免费查询
海关数据,Panjiva,panjiva.com,全球,全球贸易数据,付费查询
海关数据,Eximpedia,eximpedia.app,全球,130+国家数据,付费使用
海关数据,Zauba,zauba.com,印度,印度海关数据,免费基础查询
海关数据,Volza,volza.com,全球,HS编码+贸易数据,部分免费
数据中心买家,Mission Critical Facilities,mcfintl.com,全球,数据中心设备买家,网站联系表单
数据中心买家,SourceTech,source-tech.net,美国,收购IT资产,网站联系方式
邮箱工具,Hunter.io,hunter.io,全球,邮箱查找工具,输入域名查邮箱
邮箱工具,Apollo.io,apollo.io,全球,销售线索平台,注册使用
邮箱工具,Snov.io,snov.io,全球,邮箱验证查找,注册使用
邮箱工具,Lusha,lusha.com,全球,LinkedIn邮箱提取,Chrome插件
